No,Src,Gender,Age
1,1_(0-2),Male,(0-2)
2,2_(0-2),Male,(0-2)
3,3_(0-2),Male,(0-2)
4,4_(0-2),Male,(0-2)
5,5_(0-2),Male,(0-2)
6,6_(0-2),Male,(0-2)
7,7_(0-2),Male,(0-2)
8,8_(0-2),Male,(0-2)
9,9_(0-2),Male,(0-2)
10,10_(0-2),Male,(0-2)
11,21_(8-12),Female,(8-12)
12,22_(8-12),Female,(8-12)
13,23_(8-12),Female,(8-12)
14,24_(8-12),Female,(8-12)
15,25_(8-12),Female,(8-12)
16,26_(8-12),Male,(8-12)
17,27_(8-12),Male,(8-12)
18,28_(8-12),Male,(8-12)
19,29_(8-12),Male,(8-12)
20,30_(8-12),Male,(8-12)
21,41_(25 - 32),Female,(25-32)
22,42_(25 - 32),Male,(25-32)
23,43_(25 - 32),Female,(25-32)
24,44_(25 - 32),Male,(25-32)
25,45_(25 - 32),Male,(25-32)
26,46_(25 - 32),Female,(25-32)
27,47_(25 - 32),Female,(25-32)
28,48_(25 - 32),Male,(25-32)
29,49_(25 - 32),Female,(25-32)
30,50_(25 - 32),Male,(25-32)
31,51_(38-43),Female,(38-43)
32,52_(38-43),Female,(38-43)
33,53_(38-43),Female,(38-43)
34,54_(38-43),Female,(38-43)
35,55_(38-43),Female,(38-43)
36,56_(38-43),Male,(38-43)
37,57_(38-43),Male,(38-43)
38,58_(38-43),Male,(38-43)
39,59_(38-43),Male,(38-43)
40,60_(38-43),Male,(38-43)
41,61_(48-53),Male,(48-53)
42,62_(48-53),Male,(48-53)
43,63_(48-53),Male,(48-53)
44,64_(48-53),Male,(48-53)
45,65_(48-53),Male,(48-53)
46,66_(48-53),Female,(48-53)
47,67_(48-53),Female,(48-53)
48,68_(48-53),Female,(48-53)
49,69_(48-53),Female,(48-53)
50,70_(48-53),Female,(48-53)